,tau,obv,black,hispanic,white
0,0.04631579,36.788956473024115,3.0,19.0,3.0
